{
  "BLEU": 0.04244032447315726,
  "ROUGE-L": 0.2273739775737886
}