{
  "BLEU": 0.04094297175254452,
  "ROUGE-L": 0.2199300559496652
}