{
  "BLEU": 0.042405513257561256,
  "ROUGE-L": 0.23100866271132164
}