{
  "BLEU": 0.04208112423660102,
  "ROUGE-L": 0.2306028235242824
}